{"cameraMode":{"drawMode":0,"name":"Shaded","section":"Shading Mode"},"sceneLighting":true,"audioPlay":false,"sceneViewState":{"showFog":true,"showMaterialUpdate":true,"showSkybox":true,"showFlares":true,"showImageEffects":true,"showParticleSystems":true},"in2DMode":false,"pivot":{"x":1.406848669052124,"y":-0.40546703338623049,"z":-0.8171391487121582},"rotation":{"x":-0.0997583419084549,"y":0.8943225145339966,"z":-0.24925440549850465,"w":-0.35792869329452517},"size":4.475264072418213,"orthographic":false}