{"cameraMode":{"drawMode":0,"name":"Shaded","section":"Shading Mode"},"sceneLighting":true,"audioPlay":false,"sceneViewState":{"showFog":true,"showMaterialUpdate":true,"showSkybox":true,"showFlares":true,"showImageEffects":true,"showParticleSystems":true},"in2DMode":false,"pivot":{"x":-15.47292709350586,"y":-34.960289001464847,"z":21.153705596923829},"rotation":{"x":-0.32900264859199526,"y":0.2753153443336487,"z":-0.10090632736682892,"w":-0.8976536393165588},"size":81.58521270751953,"orthographic":false}